Workbook

Sheet Log
A1: SIM-01 sun session log (car parked, charging)
A2: Fill the yellow cells. One row per minute for 30 min. Start the dashboard log at minute 0 and download log.csv at the end.
A4: Date | C4: 27/10/2026
A5: Location | C5: Mowbray
A6: Start time (clock) | C6: 0.4375
A7: Sky conditions | C7: Clear
A8: Panel orientation / tilt | C8: Fixed facing sun
A9: Tracker on or off | C9: Off
A10: MPPT set-point V_set (V) – panel voltage while charging | C10: MPPT V_set = 14.8 ;
A11: Start pack voltage, rested (V) | C11: 12.18 V
A12: End pack voltage, rested (V) | C12: 12.27 V
A13: Irradiance meter (model) | C13: RS PRO ISM 400
A14: Temperature measured on (panel surface / air) | C14: Panel surface
A17: Minute (t_min) | B17: Clock time | C17: Irradiance G (W/m²) | D17: Panel temperature T (°C) | E17: Panel voltage (V) – optional | F17: Panel current (A) – optional | G17: Notes (clouds, shade, tracker moved)
A18: 0 | B18: 0.44236111 | C18: 337.5 | D18: 22.5 | E18: 17.06
A19: 1 | B19: 0.44305556 | C19: 332.9 | D19: 34.9 | E19: 15
A20: 2 | B20: 0.44375 | C20: 339.5 | D20: 39 | E20: 15.03
A21: 3 | B21: 0.44444444 | C21: 339.4 | D21: 41.4 | E21: 15.02
A22: 4 | B22: 0.44513889 | C22: 344.1 | D22: 45 | E22: 18.31
A23: 5 | B23: 0.44583333 | C23: 342.6 | D23: 46.2 | E23: 14.98
A24: 6 | B24: 0.44652778 | C24: 346.8 | D24: 47.1 | E24: 14.96
A25: 7 | B25: 0.44722222 | C25: 346.4 | D25: 48.3 | E25: 14.93
A26: 8 | B26: 0.44791667 | C26: 345.5 | D26: 48.8 | E26: 14.91
A27: 9 | B27: 0.44861111 | C27: 343.7 | D27: 48.3 | E27: 14.91
A28: 10 | B28: 0.44930556 | C28: 343.2 | D28: 47.8 | E28: 18.02
A29: 11 | B29: 0.45 | C29: 338.2 | D29: 46 | E29: 18.03
... A48: 30 | B48: 0.46319444 | C48: 335.2 | D48: 44.7 | E48: 14.77

Sheet sun_session
A1: t_min | B1: G_Wm2 | C1: T_C | E1: Filled automatically from the Log sheet. Save this sheet as CSV: simulation\data\sun_session.csv
A2: =Log!A18 -> 0 | B2: =IF(Log!C18="","",Log!C18) -> 337.5 | C2: =IF(Log!D18="","",Log!D18) -> 22.5
A3: =Log!A19 -> 1 | B3: =IF(Log!C19="","",Log!C19) -> 332.9 | C3: =IF(Log!D19="","",Log!D19) -> 34.9
A4: =Log!A20 -> 2 | B4: =IF(Log!C20="","",Log!C20) -> 339.5 | C4: =IF(Log!D20="","",Log!D20) -> 39
A5: =Log!A21 -> 3 | B5: =IF(Log!C21="","",Log!C21) -> 339.4 | C5: =IF(Log!D21="","",Log!D21) -> 41.4
A6: =Log!A22 -> 4 | B6: =IF(Log!C22="","",Log!C22) -> 344.1 | C6: =IF(Log!D22="","",Log!D22) -> 45
A7: =Log!A23 -> 5 | B7: =IF(Log!C23="","",Log!C23) -> 342.6 | C7: =IF(Log!D23="","",Log!D23) -> 46.2
A8: =Log!A24 -> 6 | B8: =IF(Log!C24="","",Log!C24) -> 346.8 | C8: =IF(Log!D24="","",Log!D24) -> 47.1
A9: =Log!A25 -> 7 | B9: =IF(Log!C25="","",Log!C25) -> 346.4 | C9: =IF(Log!D25="","",Log!D25) -> 48.3
A10: =Log!A26 -> 8 | B10: =IF(Log!C26="","",Log!C26) -> 345.5 | C10: =IF(Log!D26="","",Log!D26) -> 48.8
A11: =Log!A27 -> 9 | B11: =IF(Log!C27="","",Log!C27) -> 343.7 | C11: =IF(Log!D27="","",Log!D27) -> 48.3
A12: =Log!A28 -> 10 | B12: =IF(Log!C28="","",Log!C28) -> 343.2 | C12: =IF(Log!D28="","",Log!D28) -> 47.8
A13: =Log!A29 -> 11 | B13: =IF(Log!C29="","",Log!C29) -> 338.2 | C13: =IF(Log!D29="","",Log!D29) -> 46
... A32: =Log!A48 -> 30 | B32: =IF(Log!C48="","",Log!C48) -> 335.2 | C32: =IF(Log!D48="","",Log!D48) -> 44.7
